{
  "imu": {
    "orientation": {
      "x": 0.00020263629580753454,
      "y": 0.0033046083920061204,
      "z": -0.059902552581746565,
      "w": 0.9981987390775938
    },
    "angular_velocity": {
      "x": -0.00015811481411606373,
      "y": 0.0036009512371121748,
      "z": 0.00005970020339714311
    },
    "linear_acceleration": {
      "x": -0.04202700899676453,
      "y": -0.016968773974421907,
      "z": 9.06777733109662
    }
  },
  "odometry": {
    "pose": {
      "position": {
        "x": -1.8308535484090516,
        "y": -0.4686006432449893,
        "z": 0.007843092061755489
      },
      "orientation": {
        "x": 0.0002042086489199798,
        "y": 0.0033037218722850445,
        "z": -0.05990274906727625,
        "w": 0.9981987299004147
      }
    },
    "twist": {
      "linear": {
        "x": 0.00003545391062107282,
        "y": -0.000010920706842124396,
        "z": 0
      },
      "angular": {
        "x": 0,
        "y": 0,
        "z": 0.00001512918716110202
      }
    }
  },
  "velocity": {
    "linear": {
      "x": 0,
      "y": 0,
      "z": 0
    },
    "angular": {
      "x": 0,
      "y": 0,
      "z": 0
    }
  },
  "local_costmap": {
    "resolution": 0.05000000074505806,
    "width": 60,
    "height": 60,
    "origin": {
      "position": {
        "x": -1.1,
        "y": -1.1,
        "z": 0
      },
      "orientation": {
        "x": 0,
        "y": 0,
        "z": 0,
        "w": 1
      }
    },
    "data": [100,100,100,99,99,99,99,91,78,67,58,58,67,78,91,99,99,99,99,100,100,100,100,100,100,99,99,99,99,91,78,67,58,58,67,78,91,99,99,99,99,100,100,100,100,100,100,99,99,99,99,91,78,67,58,50,43,37,31,27,99,99,99,99,99,99,99,89,77,66,57,57,66,77,89,99,99,99,99,99,99,100,100,100,99,99,99,99,99,89,77,66,57,57,66,77,89,99,99,99,99,99,100,100,100,99,99,99,99,99,99,89,77,66,57,49,42,36,31,27,99,99,99,99,99,99,99,85,74,64,55,55,64,74,85,99,99,99,99,99,99,99,99,99,99,99,99,99,99,85,74,64,55,55,64,74,85,99,99,99,99,99,99,99,99,99,99,99,99,99,99,85,74,64,55,48,41,36,31,26,99,99,99,99,99,99,91,80,70,61,53,53,61,70,80,91,99,99,99,99,99,99,99,99,99,99,99,99,91,80,70,61,53,53,61,70,80,91,99,99,99,99,99,99,99,99,99,99,99,99,91,80,70,61,53,46,40,35,30,26,99,99,99,99,99,91,82,73,65,57,50,50,57,65,73,82,91,99,99,99,99,99,99,99,99,99,99,91,82,73,65,57,50,50,57,65,73,82,91,99,99,99,99,99,99,99,99,99,99,91,82,73,65,57,50,44,38,33,29,25,91,91,91,89,85,80,73,66,59,53,46,46,53,59,66,73,80,85,91,99,99,99,99,99,99,99,91,82,73,66,59,53,46,46,53,59,66,73,82,91,99,99,99,99,99,99,99,91,85,80,73,66,59,53,46,41,36,31,27,24,78,78,78,77,74,70,65,59,53,48,43,43,48,53,59,65,70,74,80,85,89,91,91,91,89,85,80,73,66,59,53,48,43,43,48,53,59,66,73,80,85,89,91,91,91,89,85,80,74,70,65,59,53,48,43,38,33,29,26,22,67,67,67,66,64,61,57,53,48,43,39,39,43,48,53,57,61,65,70,74,77,78,78,78,77,74,70,65,59,53,48,43,39,39,43,48,53,59,65,70,74,77,78,78,78,77,74,70,65,61,57,53,48,43,39,35,31,27,24,21,58,58,58,57,55,53,50,46,43,39,35,35,39,43,46,50,53,57,61,64,66,67,67,67,66,64,61,57,53,48,43,39,35,35,39,43,48,53,57,61,64,66,67,67,67,66,64,61,57,53,50,46,43,39,35,31,28,25,22,19,58,58,57,55,53,50,46,43,39,35,31,31,35,38,41,44,46,50,53,55,57,58,58,58,57,55,53,50,46,43,39,35,31,31,35,39,43,46,50,53,55,57,58,58,58,57,55,53,50,46,44,41,38,35,31,28,25,23,20,18,67,67,66,64,61,57,53,48,43,39,35,31,35,39,43,46,50,53,55,57,58,57,55,53,50,49,48,46,44,41,38,35,31,35,39,43,46,50,53,55,57,58,57,55,53,50,48,46,44,41,38,36,33,31,28,25,23,21,18,16,78,78,77,74,70,65,59,53,48,43,39,35,39,43,48,53,57,61,64,66,67,66,64,61,58,57,55,53,50,46,43,39,35,39,43,48,53,57,61,64,66,67,66,64,61,57,53,48,43,39,35,31,29,27,25,23,21,19,17,15,91,91,89,85,80,73,66,59,53,48,43,39,43,48,53,59,65,70,74,77,78,77,74,70,67,66,64,61,57,53,48,43,39,43,48,53,59,65,70,74,77,78,77,74,70,65,59,53,48,43,38,33,29,26,23,21,18,17,15,13,99,99,99,99,91,82,73,66,59,53,48,43,48,53,59,66,73,80,85,89,91,89,85,80,78,77,74,70,65,59,53,48,43,48,53,59,66,73,80,85,89,91,89,85,80,73,66,59,53,46,41,36,31,28,25,23,20,18,16,14,99,99,99,99,99,91,82,73,66,59,53,46,53,59,66,73,82,91,99,99,99,99,99,91,91,89,85,80,73,66,59,53,48,53,59,66,73,82,91,99,99,99,99,99,91,82,73,65,57,50,44,39,35,31,28,25,22,19,17,15,99,99,99,99,99,99,91,82,73,65,57,50,57,65,73,82,91,99,99,99,99,99,99,99,99,99,99,91,82,73,66,59,53,57,65,73,82,91,99,99,99,99,99,99,99,91,80,70,61,53,48,43,39,35,31,27,24,21,18,16,99,99,99,99,99,99,99,91,80,70,61,53,61,70,80,91,99,99,99,99,99,99,99,99,99,99,99,99,91,82,73,65,57,61,70,80,91,99,99,99,99,99,99,99,99,99,85,74,65,59,53,48,43,38,33,29,26,22,19,17,100,100,99,99,99,99,99,99,85,74,64,55,64,74,85,99,99,99,99,99,99,99,99,99,99,99,99,99,99,91,80,70,61,64,74,85,99,99,99,99,99,99,99,99,99,99,89,80,73,66,59,53,46,41,36,31,27,24,21,18,99,100,100,99,99,99,99,99,89,77,66,57,66,77,89,99,99,99,99,99,100,99,99,99,99,99,99,99,99,99,85,74,64,66,77,89,99,99,99,99,99,100,99,99,99,99,99,91,82,73,65,57,50,44,38,33,29,25,21,19,99,99,100,100,99,99,99,99,91,78,67,58,67,78,91,99,99,99,99,100,99,99,99,99,100,99,99,99,99,99,89,77,66,67,78,91,99,99,99,99,100,100,99,99,99,99,99,99,91,80,70,61,53,46,40,35,30,26,22,19,99,99,100,100,99,99,99,99,91,78,67,58,66,77,89,99,99,99,99,99,99,99,99,99,100,100,99,99,99,99,91,78,67,67,78,91,99,99,99,99,100,100,99,99,99,99,99,99,99,85,74,64,55,48,41,36,31,26,23,20,99,100,100,100,99,99,99,99,91,78,67,58,64,74,85,99,99,99,99,99,100,99,100,100,100,99,99,99,99,99,89,77,66,67,78,91,99,99,99,99,100,100,100,99,99,99,99,99,99,89,77,66,57,49,42,36,31,27,23,20,100,100,100,99,99,99,99,99,89,77,66,57,61,70,80,91,99,99,99,99,100,100,100,100,100,99,99,99,99,99,85,74,64,66,77,89,99,99,99,99,99,100,100,100,100,99,99,99,99,91,78,67,58,50,43,37,31,27,23,20,99,99,99,99,99,99,99,99,85,74,64,55,57,66,77,89,99,99,99,99,99,99,100,100,99,99,99,99,99,91,80,70,61,64,74,85,99,99,99,99,99,99,99,100,99,99,99,99,99,89,77,66,57,49,42,36,31,27,23,20,99,99,99,99,99,99,99,91,80,70,61,53,55,64,74,85,99,99,99,99,99,99,99,99,99,99,99,99,99,85,74,65,57,61,70,80,91,99,99,99,99,99,99,99,99,99,99,99,99,85,74,64,55,48,41,36,31,26,23,20,99,99,99,99,99,99,91,82,73,65,57,50,53,61,70,80,91,99,99,99,99,99,99,99,99,99,99,99,91,80,70,61,53,57,65,73,82,91,99,99,99,99,99,99,99,99,99,99,91,80,70,61,53,46,40,35,30,26,22,19,99,99,99,99,99,91,82,73,66,59,53,46,50,57,65,73,82,91,99,99,99,99,99,99,99,99,99,91,82,73,65,57,50,53,59,66,73,82,91,99,99,99,99,99,99,99,99,91,82,73,65,57,50,44,38,33,29,25,21,19,91,91,91,89,85,80,73,66,59,53,48,43,46,53,59,66,73,80,85,91,99,99,99,99,99,99,91,82,73,66,59,53,46,48,53,59,66,73,80,85,91,99,99,99,99,99,91,82,73,66,59,53,46,41,36,31,27,24,21,18,78,78,78,77,74,70,65,59,53,48,43,39,43,48,53,59,65,70,74,80,85,89,91,91,89,85,80,73,66,59,53,48,43,43,48,53,59,65,70,74,80,85,89,91,89,85,80,73,66,59,53,48,43,38,33,29,26,22,19,17,67,67,67,66,64,61,57,53,48,43,39,35,39,43,48,53,57,61,65,70,74,77,78,78,77,74,70,65,59,53,48,43,39,39,43,48,53,57,61,65,70,74,77,78,77,74,70,65,59,53,48,43,39,35,31,27,24,21,18,16,58,58,58,57,55,53,50,46,43,39,35,31,35,39,43,46,50,53,57,61,64,66,67,67,66,64,61,57,53,48,43,39,35,35,39,43,46,50,53,57,61,64,66,67,66,64,61,57,53,48,43,39,35,31,28,25,22,19,17,15,66,67,66,64,61,57,53,48,43,39,35,31,35,39,43,48,53,57,61,64,66,67,67,67,66,64,61,57,53,48,43,39,35,35,39,43,46,50,53,57,61,64,66,67,66,64,61,57,53,48,43,39,35,31,28,25,22,19,17,15,77,78,77,74,70,65,59,53,48,43,39,35,39,43,48,53,59,65,70,74,77,78,78,78,77,74,70,65,59,53,48,43,39,39,43,48,53,57,61,65,70,74,77,78,77,74,70,65,59,53,48,43,39,35,31,27,24,21,18,16,89,91,89,85,80,73,66,59,53,48,43,39,43,48,53,59,66,73,80,85,89,91,91,91,89,85,80,73,66,59,53,48,43,43,48,53,59,65,70,74,80,85,89,91,89,85,80,73,66,59,53,48,43,38,33,29,26,22,19,17,99,99,99,99,91,82,73,66,59,53,48,43,48,53,59,66,73,82,91,99,99,99,99,99,99,99,91,82,73,66,59,53,46,48,53,59,66,73,80,85,91,99,99,99,99,99,91,82,73,66,59,53,46,41,36,31,27,24,21,18,99,99,99,99,99,91,82,73,66,59,53,46,53,59,66,73,82,91,99,99,99,99,99,99,99,99,99,91,82,73,65,57,50,53,59,66,73,82,91,99,99,99,99,99,99,99,99,91,82,73,65,57,