{
  "imu": {
    "orientation": {
      "x": 0.00020672720107198515,
      "y": 0.003302512591996754,
      "z": -0.05992253279015279,
      "w": 0.9981975459489255
    },
    "angular_velocity": {
      "x": -0.0006743938861571242,
      "y": 0.0009517013395502214,
      "z": -0.00011271979752633789
    },
    "linear_acceleration": {
      "x": -0.09125341306032768,
      "y": -0.035700796128726536,
      "z": 9.08061955296255
    }
  },
  "odometry": {
    "pose": {
      "position": {
        "x": -1.830925672721407,
        "y": -0.46859216858736663,
        "z": 0.007825739007986303
      },
      "orientation": {
        "x": 0.0002136031722585798,
        "y": 0.0033009121257346775,
        "z": -0.05992283060665013,
        "w": 0.9981975319168596
      }
    },
    "twist": {
      "linear": {
        "x": 0.000014878432219356035,
        "y": -0.000012357722984955112,
        "z": 0
      },
      "angular": {
        "x": 0,
        "y": 0,
        "z": 0.000015670502987107376
      }
    }
  },
  "velocity": {
    "linear": {
      "x": 0,
      "y": 0,
      "z": 0
    },
    "angular": {
      "x": 0,
      "y": 0,
      "z": 0
    }
  },
  "map": {
    "resolution": 0,
    "width": 0,
    "height": 0,
    "origin": {
      "position": {
        "x": 0,
        "y": 0,
        "z": 0
      },
      "orientation": {
        "x": 0,
        "y": 0,
        "z": 0,
        "w": 0
      }
    },
    "data": []
  },
  "pose": {
    "position": {
      "x": 0,
      "y": 0,
      "z": 0
    },
    "orientation": {
      "x": 0,
      "y": 0,
      "z": 0,
      "w": 0
    }
  }
}